Workbook

Sheet INDICADOR 2025
H8: ROTACIÓN DE PERSONAL 2025
B10: ENERO | C10: FEBRERO | D10: MARZO | E10: ABRIL | F10: MAYO | G10: JUNIO | H10: JULIO | I10: AGOSTO | J10: SEPT | K10: OCT | L10: NOV | M10: DIC | N10: TOTALES
A11: ALTAS | B11: =SUM('INDICADOR X SUCURSAL 2025'!B11+'INDICADOR X SUCURSAL 2025'!B20+'INDICADOR X SUCURSAL 2025'!B29+'INDICADOR X SUCURSAL 2025'!B38+'INDICADOR X SUCURSAL 2025'!B46+'INDICADOR X SUCURSAL 2025'!B55+'INDICADOR X SUCURSAL 2025'!B64+'INDICADOR X SUCURSAL 2025'!B72+'INDICADOR X SUCURSAL 2025'!B81+'INDICADOR X SUCURSAL 2025'!B90+'INDICADOR X SUCURSAL 2025'!B100+'INDICADOR X SUCURSAL 2025'!B111+'INDICADOR X SUCURSAL 2025'!B121+'INDICADOR X SUCURSAL 2025'!B132) -> 22 | C11: =SUM('INDICADOR X SUCURSAL 2025'!C11+'INDICADOR X SUCURSAL 2025'!C20+'INDICADOR X SUCURSAL 2025'!C29+'INDICADOR X SUCURSAL 2025'!C38+'INDICADOR X SUCURSAL 2025'!C46+'INDICADOR X SUCURSAL 2025'!C55+'INDICADOR X SUCURSAL 2025'!C64+'INDICADOR X SUCURSAL 2025'!C72+'INDICADOR X SUCURSAL 2025'!C81+'INDICADOR X SUCURSAL 2025'!C90+'INDICADOR X SUCURSAL 2025'!C100+'INDICADOR X SUCURSAL 2025'!C111+'INDICADOR X SUCURSAL 2025'!C121+'INDICADOR X SUCURSAL 2025'!C132+'INDICADOR X SUCURSAL 2025'!C141) -> 14 | D11: =SUM('INDICADOR X SUCURSAL 2025'!D11+'INDICADOR X SUCURSAL 2025'!D20+'INDICADOR X SUCURSAL 2025'!D29+'INDICADOR X SUCURSAL 2025'!D38+'INDICADOR X SUCURSAL 2025'!D46+'INDICADOR X SUCURSAL 2025'!D55+'INDICADOR X SUCURSAL 2025'!D64+'INDICADOR X SUCURSAL 2025'!D72+'INDICADOR X SUCURSAL 2025'!D81+'INDICADOR X SUCURSAL 2025'!D90+'INDICADOR X SUCURSAL 2025'!D100+'INDICADOR X SUCURSAL 2025'!D111+'INDICADOR X SUCURSAL 2025'!D121+'INDICADOR X SUCURSAL 2025'!D132+'INDICADOR X SUCURSAL 2025'!D141) -> 11 | E11: =SUM('INDICADOR X SUCURSAL 2025'!E11+'INDICADOR X SUCURSAL 2025'!E20+'INDICADOR X SUCURSAL 2025'!E29+'INDICADOR X SUCURSAL 2025'!E38+'INDICADOR X SUCURSAL 2025'!E46+'INDICADOR X SUCURSAL 2025'!E55+'INDICADOR X SUCURSAL 2025'!E64+'INDICADOR X SUCURSAL 2025'!E72+'INDICADOR X SUCURSAL 2025'!E81+'INDICADOR X SUCURSAL 2025'!E90+'INDICADOR X SUCURSAL 2025'!E100+'INDICADOR X SUCURSAL 2025'!E111+'INDICADOR X SUCURSAL 2025'!E121+'INDICADOR X SUCURSAL 2025'!E132+'INDICADOR X SUCURSAL 2025'!E141) -> 9 | F11: =SUM('INDICADOR X SUCURSAL 2025'!F141+'INDICADOR X SUCURSAL 2025'!F132+'INDICADOR X SUCURSAL 2025'!F121+'INDICADOR X SUCURSAL 2025'!F111+'INDICADOR X SUCURSAL 2025'!F100+'INDICADOR X SUCURSAL 2025'!F90+'INDICADOR X SUCURSAL 2025'!F81+'INDICADOR X SUCURSAL 2025'!F72+'INDICADOR X SUCURSAL 2025'!F64+'INDICADOR X SUCURSAL 2025'!F55+'INDICADOR X SUCURSAL 2025'!F46+'INDICADOR X SUCURSAL 2025'!F38+'INDICADOR X SUCURSAL 2025'!F29+'INDICADOR X SUCURSAL 2025'!F20+'INDICADOR X SUCURSAL 2025'!F11) -> 9 | G11: =SUM('INDICADOR X SUCURSAL 2025'!G11+'INDICADOR X SUCURSAL 2025'!G20+'INDICADOR X SUCURSAL 2025'!G29+'INDICADOR X SUCURSAL 2025'!G38+'INDICADOR X SUCURSAL 2025'!G46+'INDICADOR X SUCURSAL 2025'!G55+'INDICADOR X SUCURSAL 2025'!G64+'INDICADOR X SUCURSAL 2025'!G72+'INDICADOR X SUCURSAL 2025'!G81+'INDICADOR X SUCURSAL 2025'!G90+'INDICADOR X SUCURSAL 2025'!G100+'INDICADOR X SUCURSAL 2025'!G111+'INDICADOR X SUCURSAL 2025'!G121+'INDICADOR X SUCURSAL 2025'!G132+'INDICADOR X SUCURSAL 2025'!G141) -> 14 | H11: =SUM('INDICADOR X SUCURSAL 2025'!H11+'INDICADOR X SUCURSAL 2025'!H20+'INDICADOR X SUCURSAL 2025'!H29+'INDICADOR X SUCURSAL 2025'!H38+'INDICADOR X SUCURSAL 2025'!H46+'INDICADOR X SUCURSAL 2025'!H55+'INDICADOR X SUCURSAL 2025'!H64+'INDICADOR X SUCURSAL 2025'!H72+'INDICADOR X SUCURSAL 2025'!H81+'INDICADOR X SUCURSAL 2025'!H90+'INDICADOR X SUCURSAL 2025'!H100+'INDICADOR X SUCURSAL 2025'!H111+'INDICADOR X SUCURSAL 2025'!H121+'INDICADOR X SUCURSAL 2025'!H132+'INDICADOR X SUCURSAL 2025'!H141) -> 22 | I11: =SUM('INDICADOR X SUCURSAL 2025'!I11+'INDICADOR X SUCURSAL 2025'!I20+'INDICADOR X SUCURSAL 2025'!I29+'INDICADOR X SUCURSAL 2025'!I38+'INDICADOR X SUCURSAL 2025'!I46+'INDICADOR X SUCURSAL 2025'!I55+'INDICADOR X SUCURSAL 2025'!I64+'INDICADOR X SUCURSAL 2025'!I72+'INDICADOR X SUCURSAL 2025'!I81+'INDICADOR X SUCURSAL 2025'!I90+'INDICADOR X SUCURSAL 2025'!I100+'INDICADOR X SUCURSAL 2025'!I111+'INDICADOR X SUCURSAL 2025'!I121+'INDICADOR X SUCURSAL 2025'!I132+'INDICADOR X SUCURSAL 2025'!I141) -> 7 | J11: 16 | K11: ='INDICADOR X SUCURSAL 2025'!K11+'INDICADOR X SUCURSAL 2025'!K20+'INDICADOR X SUCURSAL 2025'!K29+'INDICADOR X SUCURSAL 2025'!K38+'INDICADOR X SUCURSAL 2025'!K46+'INDICADOR X SUCURSAL 2025'!K55+'INDICADOR X SUCURSAL 2025'!K64+'INDICADOR X SUCURSAL 2025'!K72+'INDICADOR X SUCURSAL 2025'!K81+'INDICADOR X SUCURSAL 2025'!K90+'INDICADOR X SUCURSAL 2025'!K100+'INDICADOR X SUCURSAL 2025'!K111+'INDICADOR X SUCURSAL 2025'!K121+'INDICADOR X SUCURSAL 2025'!K132+'INDICADOR X SUCURSAL 2025'!K141 -> 15 | L11: =SUM('INDICADOR X SUCURSAL 2025'!L11+'INDICADOR X SUCURSAL 2025'!L20+'INDICADOR X SUCURSAL 2025'!L29+'INDICADOR X SUCURSAL 2025'!L38+'INDICADOR X SUCURSAL 2025'!L46+'INDICADOR X SUCURSAL 2025'!L55+'INDICADOR X SUCURSAL 2025'!L64+'INDICADOR X SUCURSAL 2025'!L72+'INDICADOR X SUCURSAL 2025'!L81+'INDICADOR X SUCURSAL 2025'!L90+'INDICADOR X SUCURSAL 2025'!L100+'INDICADOR X SUCURSAL 2025'!L111+'INDICADOR X SUCURSAL 2025'!L121+'INDICADOR X SUCURSAL 2025'!L132+'INDICADOR X SUCURSAL 2025'!L141+'INDICADOR X SUCURSAL 2025'!L150) -> 8 | N11: =SUM(B11:M11) -> 147
A12: BAJAS | B12: ='INDICADOR X SUCURSAL 2025'!D155 -> 13 | C12: ='INDICADOR X SUCURSAL 2025'!D156 -> 9 | D12: ='INDICADOR X SUCURSAL 2025'!D157 -> 5 | E12: ='INDICADOR X SUCURSAL 2025'!D158 -> 15 | F12: ='INDICADOR X SUCURSAL 2025'!D159 -> 13 | G12: ='INDICADOR X SUCURSAL 2025'!D160 -> 18 | H12: ='INDICADOR X SUCURSAL 2025'!D161 -> 13 | I12: ='INDICADOR X SUCURSAL 2025'!D162 -> 10 | J12: 12 | K12: ='INDICADOR X SUCURSAL 2025'!K12+'INDICADOR X SUCURSAL 2025'!K21+'INDICADOR X SUCURSAL 2025'!K30+'INDICADOR X SUCURSAL 2025'!K39+'INDICADOR X SUCURSAL 2025'!K47+'INDICADOR X SUCURSAL 2025'!K56+'INDICADOR X SUCURSAL 2025'!K65+'INDICADOR X SUCURSAL 2025'!K73+'INDICADOR X SUCURSAL 2025'!K82+'INDICADOR X SUCURSAL 2025'!K91+'INDICADOR X SUCURSAL 2025'!K101+'INDICADOR X SUCURSAL 2025'!K112+'INDICADOR X SUCURSAL 2025'!K122+'INDICADOR X SUCURSAL 2025'!K133+'INDICADOR X SUCURSAL 2025'!K142 -> 16 | L12: ='INDICADOR X SUCURSAL 2025'!L12+'INDICADOR X SUCURSAL 2025'!L21+'INDICADOR X SUCURSAL 2025'!L30+'INDICADOR X SUCURSAL 2025'!L39+'INDICADOR X SUCURSAL 2025'!L47+'INDICADOR X SUCURSAL 2025'!L56+'INDICADOR X SUCURSAL 2025'!L65+'INDICADOR X SUCURSAL 2025'!L73+'INDICADOR X SUCURSAL 2025'!L82+'INDICADOR X SUCURSAL 2025'!L91+'INDICADOR X SUCURSAL 2025'!L101+'INDICADOR X SUCURSAL 2025'!L112+'INDICADOR X SUCURSAL 2025'!L122+'INDICADOR X SUCURSAL 2025'!L133+'INDICADOR X SUCURSAL 2025'!L142 -> 6 | M12: ='INDICADOR X SUCURSAL 2025'!N156 -> 0 | N12: 119
A13: PLANTILLA | B13: =A14+B11-B12 -> 136 | C13: =B13+C11-C12 -> 141 | D13: =C13+D11-D12 -> 147 | E13: =D13+E11-E12 -> 141 | F13: =E13+F11-F12 -> 137 | G13: =F13+G11-G12 -> 133 | H13: =G13+H11-H12 -> 142 | I13: =H13+I11-I12 -> 139 | J13: =I13+J11-J12 -> 143 | ... L13: =K13+L11-L12 -> 144 | N13: 144
A14: 127
A15: ROTACIÓN | B15: =B12*100/B13 -> 9.5588235 | C15: =C12*100/C13 -> 6.3829787 | D15: =D12*100/D13 -> 3.4013605 | E15: =E12*100/E13 -> 10.638298 | F15: =F12*100/F13 -> 9.4890511 | G15: =G12*100/G13 -> 13.533835 | H15: =H12*100/H13 -> 9.1549296 | I15: =I12*100/I13 -> 7.1942446 | ... L15: =L12*100/L13 -> 4.1666667 | N15: 7.55 | O15: PROMEDIO MENSUAL
N16: =N12*100/N13 -> 82.638889 | O16: ROTACIÓN ANUAL
H25: ROTACIÓN DE PERSONAL 2025
B27: ENERO | C27: FEBRERO | D27: MARZO | E27: ABRIL | F27: MAYO | G27: JUNIO | H27: JULIO | I27: AGOSTO | J27: SEPT | K27: OCT | L27: NOV | M27: DIC | N27: TOTALES
A28: ALTAS | B28: 19 | G28: 9 | H28: 12 | I28: 6 | K28: 3 | L28: 7 | N28: =SUM(B28:M28) -> 56
A29: BAJAS | B29: 11 | I29: 10 | K29: 10 | L29: 7 | N29: =SUM(B29:M29) -> 38
A30: PLANTILLA | B30: =A31+B28-B29 -> 87 | I30: =A31+I28-I29 -> 75 | J30: 77 | K30: =J30+K28-K29 -> 70 | L30: =K30+L28-L29 -> 70 | N30: =A31+N28-N29 -> 97
A31: 79
A32: ROTACIÓN | B32: =B29*100/B30 -> 12.643678 | I32: =I29*100/I30 -> 13.333333 | J32: =J29*100/J30 -> 0 | K32: =K29*100/K30 -> 14.285714 | L32: =L29*100/L30 -> 10 | N32: =B32 -> 12.643678 | O32: PROMEDIO MENSUAL
N33: =N29*100/N30 -> 39.175258 | O33: ROTACIÓN ANUAL
F44: CORPORATIVO
H47: ROTACIÓN DE PERSONAL 2025
B49: ENERO | C49: FEBRERO | D49: MARZO | E49: ABRIL | F49: MAYO | G49: JUNIO | H49: JULIO | I49: AGOSTO | J49: SEPT | K49: OCT | L49: NOV | M49: DIC | N49: TOTALES
A50: ALTAS | B50: 1 | C50: 0 | D50: 2 | E50: 3 | F50: 2 | G50: 4 | H50: 2 | I50: 3 | J50: 0 | K50: 6 | L50: 1 | N50: =SUM(B50:M50) -> 24
A51: BAJAS | B51: 4 | C51: 5 | D51: 4 | E51: 2 | F51: 2 | G51: 2 | H51: 2 | I51: 3 | J51: 3 | K51: 0 | L51: 1 | N51: 19
A52: PLANTILLA | B52: =A53+B50-B51 -> 39 | C52: =B52+C50-C51 -> 34 | D52: =C52+D50-D51 -> 32 | E52: =D52+E50-E51 -> 33 | F52: =E52+F50-F51 -> 33 | G52: =F52+G50-G51 -> 35 | H52: =G52+H50-H51 -> 35 | I52: =H52+I50-I51 -> 35 | J52: =I52+J50-J51 -> 32 | ... L52: =K52+L50-L51 -> 38 | N52: 38
A53: 42
A54: ROTACIÓN | B54: =B51*100/B52 -> 10.25641 | C54: =C51*100/C52 -> 14.705882 | D54: =D51*100/D52 -> 12.5 | E54: =E51*100/E52 -> 6.0606061 | F54: =F51*100/F52 -> 6.0606061 | G54: =G51*100/G52 -> 5.7142857 | H54: =H51*100/H52 -> 5.7142857 | I54: =I51*100/I52 -> 8.5714286 | ... L54: =L51*100/L52 -> 2.6315789 | N54: 8.7 | O54: PROMEDIO MENSUAL
N55: =N51*100/N52 -> 50 | O55: ROTACIÓN ANUAL
H65: ROTACIÓN DE PERSONAL 2025
B67: ENERO | C67: FEBRERO | D67: MARZO | E67: ABRIL | F67: MAYO | G67: JUNIO | H67: JULIO | I67: AGOSTO | J67: SEPT | K67: OCT | L67: NOV | M67: DIC | N67: TOTALES
A68: ALTAS | B68: 0 | C68: 0 | D68: 0 | E68: 0 | F68: 0 | G68: 15 | H68: 3 | I68: 2 | J68: 3 | K68: 1 | L68: 0 | N68: =SUM(B68:M68) -> 24
A69: BAJAS | B69: 0 | C69: 0 | D69: 0 | E69: 0 | F69: 0 | G69: 4 | H69: 2 | I69: 6 | J69: 3 | K69: 2 | L69: 0 | N69: =SUM(B69:M69) -> 17
A70: PLANTILLA | B70: 0 | C70: 0 | D70: 0 | E70: 0 | F70: 0 | G70: =G68-G69 -> 11 | H70: =G70+H68-H69 -> 12 | I70: =H70+I68-I69 -> 8 | J70: =I70+J68-J69 -> 8 | K70: =J70+K68-K69 -> 7 | L70: =K70+L68-L69 -> 7 | N70: =N68-N69 -> 7
A71: 15
A72: ROTACIÓN | B72: =B69*100/B70 -> #DIV/0! | C72: =C69*100/C70 -> #DIV/0! | D72: =D69*100/D70 -> #DIV/0! | E72: =E69*100/E70 -> #DIV/0! | F72: =F69*100/F70 -> #DIV/0! | G72: =G69*100/G70 -> 36.363636 | H72: =H69*100/H70 -> 16.666667 | I72: =I69*100/I70 -> 75 | ... L72: =L69*100/L70 -> 0 | N72: 41.38 | O72: PROMEDIO MENSUAL
N73: =15*100/8 -> 187.5 | O73: ROTACIÓN ANUAL

Sheet INDICADOR X SUCURSAL 2025
C2: ROTACIÓN POR SUCURSALES 2025
F9: ATLACOMULCO
B10: ENERO | C10: FEBRERO | D10: MARZO | E10: ABRIL | F10: MAYO | G10: JUNIO | H10: JULIO | I10: AGOSTO | J10: SEPT | K10: OCT | L10: NOV | M10: DIC | N10: TOTALES
A11: ALTAS | B11: 0 | C11: 2 | D11: 2 | E11: 1 | F11: 1 | G11: 1 | H11: 1 | I11: 1 | J11: 0 | K11: 1 | L11: 1 | M11: 0 | N11: =SUM(B11:M11) -> 11
A12: BAJAS | B12: 1 | C12: 1 | D12: 1 | E12: 2 | F12: 0 | G12: 0 | H12: 2 | I12: 1 | J12: 2 | K12: 0 | L12: 0 | M12: 0 | N12: =SUM(B12:M12) -> 10
A13: PLANTILLA | B13: =A14+B11-B12 -> 8 | C13: =B13+C11-C12 -> 9 | D13: =C13+D11-D12 -> 10 | E13: =D13+E11-E12 -> 9 | F13: =E13+F11-F12 -> 10 | G13: =F13+G11-G12 -> 11 | H13: =G13+H11-H12 -> 10 | I13: =H13+I11-I12 -> 10 | J13: =I13+J11-J12 -> 8 | ... M13: =L13+M11-M12 -> 10 | N13: =A14+N11-N12 -> 10
A14: 9
A15: ROTACIÓN | B15: =(B12*100/B13)/3 -> 4.1666667 | C15: =C12*100/C13 -> 11.111111 | D15: =D12*100/D13 -> 10 | E15: =E12*100/E13 -> 22.222222 | F15: =F12*100/F13 -> 0 | G15: =G12*100/G13 -> 0 | H15: =H12*100/H13 -> 20 | I15: =I12*100/I13 -> 10 | J15: =J12*100/J13 -> 25 | ... M15: =M12*100/M13 -> 0 | N15: 8.54 | O15: PROMEDIO MENSUAL
N16: =N12*100/N13 -> 100 | O16: ROTACIÓN ANUAL
F18: ATLIXCO
B19: ENERO | C19: FEBRERO | D19: MARZO | E19: ABRIL | F19: MAYO | G19: JUNIO | H19: JULIO | I19: AGOSTO | J19: SEPT | K19: OCT | L19: NOV | M19: DIC | N19: TOTALES
A20: ALTAS | B20: 1 | C20: 0 | D20: 0 | E20: 0 | F20: 1 | G20: 1 | H20: 1 | I20: 1 | J20: 1 | K20: 1 | L20: 0 | M20: 0 | N20: =SUM(B20:M20) -> 7
A21: BAJAS | B21: 1 | C21: 1 | D21: 0 | E21: 0 | F21: 1 | G21: 1 | H21: 1 | I21: 0 | J21: 1 | K21: 0 | L21: 1 | M21: 0 | N21: =SUM(B21:M21) -> 7
A22: PLANTILLA | B22: =A23+B20-B21 -> 7 | C22: =B22+C20-C21 -> 6 | D22: =C22+D20-D21 -> 6 | E22: =D22+E20-E21 -> 6 | F22: =E22+F20-F21 -> 6 | G22: =F22+G20-G21 -> 6 | H22: =G22+H20-H21 -> 6 | I22: =H22+I20-I21 -> 7 | J22: =I22+J20-J21 -> 7 | ... M22: =L22+M20-M21 -> 7 | N22: =A23+N20-N21 -> 7
A23: 7
A24: ROTACIÓN | B24: =B21*100/B22 -> 14.285714 | C24: =C21*100/C22 -> 16.666667 | D24: =D21*100/D22 -> 0 | E24: =E21*100/E22 -> 0 | F24: =F21*100/F22 -> 16.666667 | G24: =G21*100/G22 -> 16.666667 | H24: =H21*100/H22 -> 16.666667 | I24: =I21*100/I22 -> 0 | ... M24: =M21*100/M22 -> 0 | N24: 9.13 | O24: PROMEDIO MENSUAL
N25: =N21*100/N22 -> 100 | O25: ROTACIÓN ANUAL
F27: CORDOBA
B28: ENERO | C28: FEBRERO | D28: MARZO | E28: ABRIL | F28: MAYO | G28: JUNIO | H28: JULIO | I28: AGOSTO | J28: SEPT | K28: OCT | L28: NOV | M28: DIC | N28: TOTALES
A29: ALTAS | B29: 2 | C29: 1 | D29: 1 | E29: 0 | F29: 1 | G29: 0 | H29: 0 | I29: 0 | J29: 3 | K29: 2 | L29: 0 | M29: 1 | N29: =SUM(B29:M29) -> 11
A30: BAJAS | B30: 0 | C30: 0 | D30: 1 | E30: 1 | F30: 0 | G30: 0 | H30: 0 | I30: 1 | J30: 2 | K30: 0 | L30: 0 | M30: 1 | N30: =SUM(B30:M30) -> 6
A31: PLANTILLA | B31: =A32+B29-B30 -> 17 | C31: =B31+C29-C30 -> 18 | D31: =C31+D29-D30 -> 18 | E31: =D31+E29-E30 -> 17 | F31: =E31+F29-F30 -> 18 | G31: =F31+G29-G30 -> 18 | H31: =G31+H29-H30 -> 18 | I31: =H31+I29-I30 -> 17 | J31: =I31+J29-J30 -> 18 | ... M31: =L31+M29-M30 -> 20 | N31: =A32+N29-N30 -> 20
A32: 15
A33: ROTACIÓN | B33: =B30*100/B31 -> 0 | C33: =C30*100/C31 -> 0 | D33: =D30*100/D31 -> 5.5555556 | E33: =E30*100/E31 -> 5.8823529 | F33: =F30*100/F31 -> 0 | G33: =G30*100/G31 -> 0 | H33: =H30*100/H31 -> 0 | I33: =I30*100/I31 -> 5.8823529 | ... M33: =M30*100/M31 -> 5 | N33: 2.79 | O33: PROMEDIO MENSUAL
N34: =N30*100/N31 -> 30 | O34: ROTACIÓN ANUAL
F36: CUERNAVACA
B37: ENERO | C37: FEBRERO | D37: MARZO | E37: ABRIL | F37: MAYO | G37: JUNIO | H37: JULIO | I37: AGOSTO | J37: SEPT | K37: OCT | L37: NOV | M37: DIC | N37: TOTALES
A38: ALTAS | B38: 2 | C38: 0 | D38: 0 | E38: 3 | F38: 0 | G38: 2 | H38: 1 | I38: 0 | J38: 1 | K38: 3 | L38: 2 | M38: 2 | N38: =SUM(B38:M38) -> 16
A39: BAJAS | B39: 2 | C39: 0 | D39: 0 | E39: 3 | F39: 0 | G39: 2 | H39: 1 | I39: 0 | J39: 2 | K39: 3 | L39: 0 | M39: 0 | N39: =SUM(B39:M39) -> 13
A40: PLANTILLA | B40: =A41+B38-B39 -> 9 | C40: =B40+C38-C39 -> 9 | D40: =C40+D38-D39 -> 9 | E40: =D40+E38-E39 -> 9 | F40: =E40+F38-F39 -> 9 | G40: =F40+G38-G39 -> 9 | H40: =G40+H38-H39 -> 9 | I40: =H40+I38-I39 -> 9 | J40: =I40+J38-J39 -> 8 | ... M40: =L40+M38-M39 -> 12 | N40: =A41+N38-N39 -> 12
A41: 9
A42: ROTACIÓN | B42: =B39*100/B40 -> 22.222222 | C42: =C39*100/C40 -> 0 | D42: =D39*100/D40 -> 0 | E42: =E39*100/E40 -> 33.333333 | F42: =F39*100/F40 -> 0 | G42: =G39*100/G40 -> 22.222222 | H42: =H39*100/H40 -> 11.111111 | I42: =I39*100/I40 -> 0 | ... M42: =M39*100/M40 -> 0 | N42: 12.62 | O42: PROMEDIO MENSUAL
N43: =N39*100/N40 -> 108.33333 | O43: ROTACIÓN ANUAL
F44: HUAMANTLA
B45: ENERO | C45: FEBRERO | D45: MARZO | E45: ABRIL | F45: MAYO | G45: JUNIO | H45: JULIO | I45: AGOSTO | J45: SEPT | K45: OCT | L45: NOV | M45: DIC | N45: TOTALES
A46: ALTAS | B46: 1 | C46: 1 | D46: 0 | E46: 0 | F46: 1 | G46: 4 | H46: 4 | I46: 1 | J46: 2 | K46: 3 | L46: 0 | M46: 0 | N46: =SUM(B46:M46) -> 17
A47: BAJAS | B47: 1 | C47: 0 | D47: 0 | E47: 3 | F47: 4 | G47: 4 | H47: 2 | I47: 0 | J47: 0 | K47: 3 | L47: 2 | M47: 0 | N47: =SUM(B47:M47) -> 19
A48: PLANTILLA | B48: =A49+B46-B47 -> 11 | C48: =B48+C46-C47 -> 12 | D48: =C48+D46-D47 -> 12 | E48: =D48+E46-E47 -> 9 | F48: =E48+F46-F47 -> 6 | G48: =F48+G46-G47 -> 6 | H48: =G48+H46-H47 -> 8 | I48: =H48+I46-I47 -> 9 | J48: =I48+J46-J47 -> 11 | ... M48: =L48+M46-M47 -> 9 | N48: =A49+N46-N47 -> 9
A49: 11
A50: ROTACIÓN | B50: =B47*100/B48 -> 9.0909091 | C50: =C47*100/C48 -> 0 | D50: =D47*100/D48 -> 0 | E50: =E47*100/E48 -> 33.333333 | F50: =F47*100/F48 -> 66.666667 | G50: =G47*100/G48 -> 66.666667 | H50: =H47*100/H48 -> 25 | I50: =I47*100/I48 -> 0 | ... M50: =M47*100/M48 -> 0 | N50: 20.85 | O50: PROMEDIO MENSUAL
N51: =N47*100/N48 -> 211.11111 | O51: ROTACIÓN ANUAL
F53: IXTLAHUACA
B54: ENERO | C54: FEBRERO | D54: MARZO | E54: ABRIL | F54: MAYO | G54: JUNIO | H54: JULIO | I54: AGOSTO | J54: SEPT | K54: OCT | L54: NOV | M54: DIC | N54: TOTALES
A55: ALTAS | B55: 1 | C55: 1 | D55: 0 | E55: 0 | F55: 1 | G55: 0 | H55: 2 | I55: 1 | J55: 1 | K55: 1 | L55: 0 | M55: 0 | N55: =SUM(B55:M55) -> 8
A56: BAJAS | B56: 0 | C56: 1 | D56: 0 | E56: 1 | F56: 1 | G56: 1 | H56: 0 | I56: 1 | J56: 0 | K56: 3 | L56: 0 | M56: 2 | N56: =SUM(B56:M56) -> 10
A57: PLANTILLA | B57: =A58+B55-B56 -> 7 | C57: =B57+C55-C56 -> 7 | D57: =C57+D55-D56 -> 7 | E57: =D57+E55-E56 -> 6 | F57: =E57+F55-F56 -> 6 | G57: =F57+G55-G56 -> 5 | H57: =G57+H55-H56 -> 7 | I57: =H57+I55-I56 -> 7 | J57: =I57+J55-J56 -> 8 | ... M57: =L57+M55-M56 -> 4 | N57: =A58+N55-N56 -> 4
A58: 6
A59: ROTACIÓN | B59: =B56*100/B57 -> 0 | C59: =C56*100/C57 -> 14.285714 | D59: =D56*100/D57 -> 0 | E59: =E56*100/E57 -> 16.666667 | F59: =F56*100/F57 -> 16.666667 | G59: =G56*100/G57 -> 20 | H59: =H56*100/H57 -> 0 | I59: =I56*100/I57 -> 14.285714 | ... M59: =M56*100/M57 -> 50 | N59: 15.16 | O59: PROMEDIO MENSUAL
N60: =N56*100/N57 -> 250 | O60: ROTACIÓN ANUAL
F62: MIACATLAN
B63: ENERO | C63: FEBRERO | D63: MARZO | E63: ABRIL | F63: MAYO | G63: JUNIO | H63: JULIO | I63: AGOSTO | J63: SEPT | K63: OCT | L63: NOV | M63: DIC | N63: TOTALES
A64: ALTAS | B64: 2 | C64: 1 | D64: 2 | E64: 1 | F64: 1 | G64: 1 | H64: 2 | I64: 0 | J64: 1 | K64: 2 | L64: 1 | M64: 0 | N64: =SUM(B64:M64) -> 14
A65: BAJAS | B65: 1 | C65: 3 | D65: 0 | E65: 2 | F65: 1 | G65: 1 | H65: 1 | I65: 0 | J65: 1 | K65: 2 | L65: 1 | M65: 0 | N65: =SUM(B65:M65) -> 13
A66: PLANTILLA | B66: =A67+B64-B65 -> 9 | C66: =B66+C64-C65 -> 7 | D66: =C66+D64-D65 -> 9 | E66: =D66+E64-E65 -> 8 | F66: =E66+F64-F65 -> 8 | G66: =F66+G64-G65 -> 8 | H66: =G66+H64-H65 -> 9 | I66: =H66+I64-I65 -> 9 | J66: =I66+J64-J65 -> 9 | ... M66: =L66+M64-M65 -> 9 | N66: =A67+N64-N65 -> 9
A67: 8
A68: ROTACIÓN | B68: =B65*100/B66 -> 11.111111 | C68: =C65*100/C66 -> 42.857143 | D68: =D65*100/D66 -> 0 | E68: =E65*100/E66 -> 25 | F68: =F65*100/F66 -> 12.5 | G68: =G65*100/G66 -> 12.5 | H68: =H65*100/H66 -> 11.111111 | I68: =I65*100/I66 -> 0 | ... M68: =M65*100/M66 -> 0 | N68: 13.29 | O68: PROMEDIO MENSUAL
N69: =N65*100/N66 -> 144.44444 | O69: ROTACIÓN ANUAL
F70: ORIZABA
B71: ENERO | C71: FEBRERO | D71: MARZO | E71: ABRIL | F71: MAYO | G71: JUNIO | H71: JULIO | I71: AGOSTO | J71: SEPT | K71: OCT | L71: NOV | M71: DIC | N71: TOTALES
A72: ALTAS | B72: 0 | C72: 1 | D72: 0 | E72: 0 | F72: 0 | G72: 1 | H72: 1 | I72: 0 | J72: 2 | K72: 0 | L72: 0 | M72: 1 | N72: =SUM(B72:M72) -> 6
A73: BAJAS | B73: 1 | C73: 0 | D73: 0 | E73: 0 | F73: 0 | G73: 0 | H73: 1 | I73: 1 | J73: 1 | K73: 0 | L73: 0 | M73: 0 | N73: =SUM(B73:M73) -> 4
A74: PLANTILLA | B74: =A75+B72-B73 -> 19 | C74: =B74+C72-C73 -> 20 | D74: =C74+D72-D73 -> 20 | E74: =D74+E72-E73 -> 20 | F74: =E74+F72-F73 -> 20 | G74: =F74+G72-G73 -> 21 | H74: =G74+H72-H73 -> 21 | I74: =H74+I72-I73 -> 20 | J74: =I74+J72-J73 -> 21 | ... M74: =L74+M72-M73 -> 22 | N74: =A75+N72-N73 -> 22
A75: 20
A76: ROTACIÓN | B76: =B73*100/B74 -> 5.2631579 | C76: =C73*100/C74 -> 0 | D76: =D73*100/D74 -> 0 | E76: =E73*100/E74 -> 0 | F76: =F73*100/F74 -> 0 | G76: =G73*100/G74 -> 0 | H76: =H73*100/H74 -> 4.7619048 | I76: =I73*100/I74 -> 5 | ... M76: =M73*100/M74 -> 0 | N76: 1.65 | O76: PROMEDIO MENSUAL
N77: =N73*100/N74 -> 18.181818 | O77: ROTACIÓN ANUAL
F79: PACHUCA
B80: ENERO | C80: FEBRERO | D80: MARZO | E80: ABRIL | F80: MAYO | G80: JUNIO | H80: JULIO | I80: AGOSTO | J80: SEPT | K80: OCT | L80: NOV | M80: DIC | N80: TOTALES
A81: ALTAS | B81: 2 | C81: 2 | D81: 2 | E81: 0 | F81: 0 | G81: 0 | H81: 0 | I81: 0 | J81: 0 | K81: 0 | L81: 0 | M81: 0 | N81: =SUM(B81:M81) -> 6
A82: BAJAS | B82: 2 | C82: 1 | D82: 0 | E82: 0 | F82: 0 | G82: 0 | H82: 0 | I82: 0 | J82: 0 | K82: 0 | L82: 0 | M82: 0 | N82: =SUM(B82:M82) -> 3
A83: PLANTILLA | B83: =A84+B81-B82 -> 9 | C83: =B83+C81-C82 -> 10 | D83: =C83+D81-D82 -> 12 | E83: =D83+E81-E82 -> 12 | F83: =E83+F81-F82 -> 12 | G83: =F83+G81-G82 -> 12 | H83: =G83+H81-H82 -> 12 | I83: =H83+I81-I82 -> 12 | J83: =I83+J81-J82 -> 12 | ... M83: =L83+M81-M82 -> 12 | N83: =A84+N81-N82 -> 12
A84: 9
A85: ROTACIÓN | B85: =B82*100/B83 -> 22.222222 | C85: =C82*100/C83 -> 10 | D85: =D82*100/D83 -> 0 | E85: =E82*100/E83 -> 0 | F85: =F82*100/F83 -> 0 | G85: =G82*100/G83 -> 0 | H85: =H82*100/H83 -> 0 | I85: =I82*100/I83 -> 0 | ... M85: =M82*100/M83 -> 0 | N85: 2.69 | O85: PROMEDIO MENSUAL
N86: =N82*100/N83 -> 25 | O86: ROTACIÓN ANUAL
F88: SAN JUAN
B89: ENERO | C89: FEBRERO | D89: MARZO | E89: ABRIL | F89: MAYO | G89: JUNIO | H89: JULIO | I89: AGOSTO | J89: SEPT | K89: OCT | L89: NOV | M89: DIC | N89: TOTALES
A90: ALTAS | B90: 1 | C90: 0 | D90: 0 | E90: 0 | F90: 1 | G90: 2 | H90: 0 | I90: 0 | J90: 3 | K90: 0 | L90: 0 | M90: 1 | N90: =SUM(B90:M90) -> 8
A91: BAJAS | B91: 0 | C91: 0 | D91: 0 | E91: 1 | F91: 2 | G91: 2 | H91: 0 | I91: 1 | J91: 0 | K91: 1 | L91: 1 | M91: 0 | N91: =SUM(B91:M91) -> 8
A92: PLANTILLA | B92: =A93+B90-B91 -> 4 | C92: =B92+C90-C91 -> 4 | D92: =C92+D90-D91 -> 4 | E92: =D92+E90-E91 -> 3 | F92: =E92+F90-F91 -> 2 | G92: =F92+G90-G91 -> 2 | H92: =G92+H90-H91 -> 2 | I92: =H92+I90-I91 -> 1 | J92: =I92+J90-J91 -> 4 | ... M92: =L92+M90-M91 -> 3 | N92: =A93+N90-N91 -> 3
A93: 3
A94: ROTACIÓN | B94: =B91*100/B92 -> 0 | C94: =C91*100/C92 -> 0 | D94: =D91*100/D92 -> 0 | E94: =E91*100/E92 -> 33.333333 | F94: =F91*100/F92 -> 100 | G94: =G91*100/G92 -> 100 | H94: =H91*100/H92 -> 0 | I94: =I91*100/I92 -> 100 | ... M94: =M91*100/M92 -> 0 | N94: 34.72 | O94: PROMEDIO MENSUAL
N95: =N91*100/N92 -> 266.66667 | O95: ROTACIÓN ANUAL
F98: SAN LUIS
B99: ENERO | C99: FEBRERO | D99: MARZO | E99: ABRIL | F99: MAYO | G99: JUNIO | H99: JULIO | I99: AGOSTO | J99: SEPT | K99: OCT | L99: NOV | M99: DIC | N99: TOTALES
A100: ALTAS | B100: 2 | C100: 0 | D100: 0 | E100: 0 | F100: 0 | G100: 0 | H100: 1 | I100: 1 | J100: 0 | K100: 1 | L100: 0 | M100: 0 | N100: =SUM(B100:M100) -> 5
A101: BAJAS | B101: 1 | C101: 0 | D101: 0 | E101: 0 | F101: 0 | G101: 0 | H101: 0 | I101: 0 | J101: 0 | K101: 1 | L101: 0 | M101: 0 | N101: =SUM(B101:M101) -> 2
A102: PLANTILLA | B102: =A103+B100-B101 -> 7 | C102: =B102+C100-C101 -> 7 | D102: =C102+D100-D101 -> 7 | E102: =D102+E100-E101 -> 7 | F102: =E102+F100-F101 -> 7 | G102: =F102+G100-G101 -> 7 | H102: =G102+H100-H101 -> 8 | I102: =H102+I100-I101 -> 9 | J102: =I102+J100-J101 -> 9 | ... M102: =L102+M100-M101 -> 9 | N102: =A103+N100-N101 -> 9
A103: 6
A104: ROTACIÓN | B104: =B101*100/B102 -> 14.285714 | C104: =C101*100/C102 -> 0 | D104: =D101*100/D102 -> 0 | E104: =E101*100/E102 -> 0 | F104: =F101*100/F102 -> 0 | G104: =G101*100/G102 -> 0 | H104: =H101*100/H102 -> 0 | I104: =I101*100/I102 -> 0 | ... M104: =M101*100/M102 -> 0 | N104: 2.12 | O104: PROMEDIO MENSUAL
N105: =N101*100/N102 -> 22.222222 | O105: ROTACIÓN ANUAL
F109: TENANGO
B110: ENERO | C110: FEBRERO | D110: MARZO | E110: ABRIL | F110: MAYO | G110: JUNIO | H110: JULIO | I110: AGOSTO | J110: SEPT | K110: OCT | L110: NOV | M110: DIC | N110: TOTALES
A111: ALTAS | B111: 3 | C111: 0 | D111: 1 | E111: 1 | F111: 2 | G111: 0 | H111: 2 | I111: 2 | J111: 0 | K111: 0 | L111: 0 | M111: 0 | N111: =SUM(B111:M111) -> 11
A112: BAJAS | B112: 1 | C112: 0 | D112: 0 | E112: 0 | F112: 2 | G112: 2 | H112: 1 | I112: 2 | J112: 0 | K112: 0 | L112: 0 | M112: 0 | N112: =SUM(B112:M112) -> 8
A113: PLANTILLA | B113: =A114+B111-B112 -> 11 | C113: =B113+C111-C112 -> 11 | D113: =C113+D111-D112 -> 12 | E113: =D113+E111-E112 -> 13 | F113: =E113+F111-F112 -> 13 | G113: =F113+G111-G112 -> 11 | H113: =G113+H111-H112 -> 12 | I113: =H113+I111-I112 -> 12 | J113: =I113+J111-J112 -> 12 | ... M113: =L113+M111-M112 -> 12 | N113: =A114+N111-N112 -> 12
A114: 9
A115: ROTACIÓN | B115: =B112*100/B113 -> 9.0909091 | C115: =C112*100/C113 -> 0 | D115: =D112*100/D113 -> 0 | E115: =E112*100/E113 -> 0 | F115: =F112*100/F113 -> 15.384615 | G115: =G112*100/G113 -> 18.181818 | H115: =H112*100/H113 -> 8.3333333 | I115: =I112*100/I113 -> 16.666667 | ... M115: =M112*100/M113 -> 0 | N115: 5.64 | O115: PROMEDIO MENSUAL
N116: =N112*100/N113 -> 66.666667 | O116: ROTACIÓN ANUAL
F119: TLAXCALA
B120: ENERO | C120: FEBRERO | D120: MARZO | E120: ABRIL | F120: MAYO | G120: JUNIO | H120: JULIO | I120: AGOSTO | J120: SEPT | K120: OCT | L120: NOV | M120: DIC | N120: TOTALES
A121: ALTAS | B121: 3 | C121: 0 | D121: 1 | E121: 2 | F121: 0 | G121: 1 | H121: 3 | I121: 0 | J121: 0 | K121: 1 | L121: 1 | M121: 0 | N121: =SUM(B121:M121) -> 12
...

Sheet SUCURSALES 2026
C2: ROTACIÓN POR SUCURSALES 2026
F9: ATLACOMULCO
B10: ENERO | C10: FEBRERO | D10: MARZO | E10: ABRIL | F10: MAYO | G10: JUNIO | H10: JULIO | I10: AGOSTO | J10: SEPT | K10: OCT | L10: NOV | M10: DIC | N10: TOTALES
A11: ALTAS | B11: 0 | C11: 2 | D11: 1 | E11: 1 | F11: 0 | N11: =SUM(B11:M11) -> 4
A12: BAJAS | B12: 3 | C12: 0 | D12: 1 | E12: 0 | F12: 0 | N12: =SUM(B12:M12) -> 4
A13: PLANTILLA | B13: =A14+B11-B12 -> 6 | C13: =B13+C11-C12 -> 8 | D13: =C13+D11-D12 -> 8 | E13: =D13+E11-E12 -> 9 | F13: =E13+F11-F12 -> 9 | N13: =A14+N11-N12 -> 9
A14: 9
A15: ROTACIÓN | B15: =(B12*100/B13)/3 -> 16.666667 | C15: =C12*100/C13 -> 0 | D15: =D12*100/D13 -> 12.5 | E15: =E12*100/E13 -> 0 | F15: =F12*100/F13 -> 0 | G15: =G12*100/G13 -> #DIV/0! | H15: =H12*100/H13 -> #DIV/0! | I15: =I12*100/I13 -> #DIV/0! | J15: =J12*100/J13 -> #DIV/0! | ... M15: =M12*100/M13 -> #DIV/0! | N15: 5.83 | O15: PROMEDIO MENSUAL
N16: =N12*100/N13 -> 44.444444 | O16: ROTACIÓN ANUAL
F18: ATLIXCO
B19: ENERO | C19: FEBRERO | D19: MARZO | E19: ABRIL | F19: MAYO | G19: JUNIO | H19: JULIO | I19: AGOSTO | J19: SEPT | K19: OCT | L19: NOV | M19: DIC | N19: TOTALES
A20: ALTAS | B20: 2 | C20: 1 | D20: 0 | E20: 0 | F20: 0 | N20: =SUM(B20:M20) -> 3
A21: BAJAS | B21: 1 | C21: 0 | D21: 0 | E21: 0 | F21: 0 | N21: =SUM(B21:M21) -> 1
A22: PLANTILLA | B22: =A23+B20-B21 -> 8 | C22: =B22+C20-C21 -> 9 | D22: =C22+D20-D21 -> 9 | E22: =D22+E20-E21 -> 9 | F22: =E22+F20-F21 -> 9 | N22: =A23+N20-N21 -> 9
A23: 7
A24: ROTACIÓN | B24: =B21*100/B22 -> 12.5 | C24: =C21*100/C22 -> 0 | D24: =D21*100/D22 -> 0 | E24: =E21*100/E22 -> 0 | F24: =F21*100/F22 -> 0 | G24: =G21*100/G22 -> #DIV/0! | H24: =H21*100/H22 -> #DIV/0! | I24: =I21*100/I22 -> #DIV/0! | ... M24: =M21*100/M22 -> #DIV/0! | N24: 2.5 | O24: PROMEDIO MENSUAL
N25: =N21*100/N22 -> 11.111111 | O25: ROTACIÓN ANUAL
F27: CORDOBA
B28: ENERO | C28: FEBRERO | D28: MARZO | E28: ABRIL | F28: MAYO | G28: JUNIO | H28: JULIO | I28: AGOSTO | J28: SEPT | K28: OCT | L28: NOV | M28: DIC | N28: TOTALES
A29: ALTAS | B29: 0 | C29: 0 | D29: 0 | E29: 0 | F29: 0 | N29: =SUM(B29:M29) -> 0
A30: BAJAS | B30: 0 | C30: 0 | D30: 0 | E30: 1 | F30: 0 | N30: =SUM(B30:M30) -> 1
A31: PLANTILLA | B31: =A32+B29-B30 -> 20 | C31: =B31+C29-C30 -> 20 | D31: =C31+D29-D30 -> 20 | E31: =D31+E29-E30 -> 19 | F31: =E31+F29-F30 -> 19 | N31: =A32+N29-N30 -> 19
A32: 20
A33: ROTACIÓN | B33: =B30*100/B31 -> 0 | C33: =C30*100/C31 -> 0 | D33: =D30*100/D31 -> 0 | E33: =E30*100/E31 -> 5.2631579 | F33: =F30*100/F31 -> 0 | G33: =G30*100/G31 -> #DIV/0! | H33: =H30*100/H31 -> #DIV/0! | I33: =I30*100/I31 -> #DIV/0! | ... M33: =M30*100/M31 -> #DIV/0! | N33: 1.05 | O33: PROMEDIO MENSUAL
N34: =N30*100/N31 -> 5.2631579 | O34: ROTACIÓN ANUAL
F36: CUERNAVACA
B37: ENERO | C37: FEBRERO | D37: MARZO | E37: ABRIL | F37: MAYO | G37: JUNIO | H37: JULIO | I37: AGOSTO | J37: SEPT | K37: OCT | L37: NOV | M37: DIC | N37: TOTALES
A38: ALTAS | B38: 4 | C38: 1 | D38: 1 | E38: 1 | F38: 3 | N38: =SUM(B38:M38) -> 10
A39: BAJAS | B39: 4 | C39: 2 | D39: 1 | E39: 2 | F39: 3 | N39: =SUM(B39:M39) -> 12
A40: PLANTILLA | B40: =A41+B38-B39 -> 8 | C40: =B40+C38-C39 -> 7 | D40: =C40+D38-D39 -> 7 | E40: =D40+E38-E39 -> 6 | F40: =E40+F38-F39 -> 6 | N40: =A41+N38-N39 -> 6
A41: 8
A42: ROTACIÓN | B42: =B39*100/B40 -> 50 | C42: =C39*100/C40 -> 28.571429 | D42: =D39*100/D40 -> 14.285714 | E42: =E39*100/E40 -> 33.333333 | F42: =F39*100/F40 -> 50 | G42: =G39*100/G40 -> #DIV/0! | H42: =H39*100/H40 -> #DIV/0! | I42: =I39*100/I40 -> #DIV/0! | ... M42: =M39*100/M40 -> #DIV/0! | N42: 35.24 | O42: PROMEDIO MENSUAL
N43: =N39*100/N40 -> 200 | O43: ROTACIÓN ANUAL
F44: HUAMANTLA
B45: ENERO | C45: FEBRERO | D45: MARZO | E45: ABRIL | F45: MAYO | G45: JUNIO | H45: JULIO | I45: AGOSTO | J45: SEPT | K45: OCT | L45: NOV | M45: DIC | N45: TOTALES
A46: ALTAS | B46: 3 | C46: 2 | D46: 0 | E46: 2 | F46: 0 | N46: =SUM(B46:M46) -> 7
A47: BAJAS | B47: 3 | C47: 1 | D47: 3 | E47: 0 | F47: 0 | N47: =SUM(B47:M47) -> 7
A48: PLANTILLA | B48: =A49+B46-B47 -> 9 | C48: =B48+C46-C47 -> 10 | D48: =C48+D46-D47 -> 7 | E48: =D48+E46-E47 -> 9 | F48: =E48+F46-F47 -> 9 | N48: =A49+N46-N47 -> 9
A49: 9
A50: ROTACIÓN | B50: =B47*100/B48 -> 33.333333 | C50: =C47*100/C48 -> 10 | D50: =D47*100/D48 -> 42.857143 | E50: =E47*100/E48 -> 0 | F50: =F47*100/F48 -> 0 | G50: =G47*100/G48 -> #DIV/0! | H50: =H47*100/H48 -> #DIV/0! | I50: =I47*100/I48 -> #DIV/0! | ... M50: =M47*100/M48 -> #DIV/0! | N50: 17.24 | O50: PROMEDIO MENSUAL
N51: =N47*100/N48 -> 77.777778 | O51: ROTACIÓN ANUAL
F53: IXTLAHUACA
B54: ENERO | C54: FEBRERO | D54: MARZO | E54: ABRIL | F54: MAYO | G54: JUNIO | H54: JULIO | I54: AGOSTO | J54: SEPT | K54: OCT | L54: NOV | M54: DIC | N54: TOTALES
A55: ALTAS | B55: 1 | C55: 1 | D55: 0 | E55: 1 | F55: 1 | N55: =SUM(B55:M55) -> 4
A56: BAJAS | B56: 1 | C56: 0 | D56: 1 | E56: 1 | F56: 0 | N56: =SUM(B56:M56) -> 3
A57: PLANTILLA | B57: =A58+B55-B56 -> 5 | C57: =B57+C55-C56 -> 6 | D57: =C57+D55-D56 -> 5 | E57: =D57+E55-E56 -> 5 | F57: =E57+F55-F56 -> 6 | N57: =A58+N55-N56 -> 6
A58: 5
A59: ROTACIÓN | B59: =B56*100/B57 -> 20 | C59: =C56*100/C57 -> 0 | D59: =D56*100/D57 -> 20 | E59: =E56*100/E57 -> 20 | F59: =F56*100/F57 -> 0 | G59: =G56*100/G57 -> #DIV/0! | H59: =H56*100/H57 -> #DIV/0! | I59: =I56*100/I57 -> #DIV/0! | ... M59: =M56*100/M57 -> #DIV/0! | N59: 12 | O59: PROMEDIO MENSUAL
N60: =N56*100/N57 -> 50 | O60: ROTACIÓN ANUAL
F62: MIACATLAN
B63: ENERO | C63: FEBRERO | D63: MARZO | E63: ABRIL | F63: MAYO | G63: JUNIO | H63: JULIO | I63: AGOSTO | J63: SEPT | K63: OCT | L63: NOV | M63: DIC | N63: TOTALES
A64: ALTAS | B64: 0 | C64: 1 | D64: 1 | E64: 1 | F64: 0 | N64: =SUM(B64:M64) -> 3
A65: BAJAS | B65: 0 | C65: 1 | D65: 2 | E65: 0 | F65: 0 | N65: =SUM(B65:M65) -> 3
A66: PLANTILLA | B66: =A67+B64-B65 -> 7 | C66: =B66+C64-C65 -> 7 | D66: =C66+D64-D65 -> 6 | E66: =D66+E64-E65 -> 7 | F66: =E66+F64-F65 -> 7 | N66: =A67+N64-N65 -> 7
A67: 7
A68: ROTACIÓN | B68: =B65*100/B66 -> 0 | C68: =C65*100/C66 -> 14.285714 | D68: =D65*100/D66 -> 33.333333 | E68: =E65*100/E66 -> 0 | F68: =F65*100/F66 -> 0 | G68: =G65*100/G66 -> #DIV/0! | H68: =H65*100/H66 -> #DIV/0! | I68: =I65*100/I66 -> #DIV/0! | ... M68: =M65*100/M66 -> #DIV/0! | N68: 9.52 | O68: PROMEDIO MENSUAL
N69: =N65*100/N66 -> 42.857143 | O69: ROTACIÓN ANUAL
F70: ORIZABA
B71: ENERO | C71: FEBRERO | D71: MARZO | E71: ABRIL | F71: MAYO | G71: JUNIO | H71: JULIO | I71: AGOSTO | J71: SEPT | K71: OCT | L71: NOV | M71: DIC | N71: TOTALES
A72: ALTAS | B72: 1 | C72: 1 | D72: 2 | E72: 1 | F72: 0 | N72: =SUM(B72:M72) -> 5
A73: BAJAS | B73: 1 | C73: 3 | D73: 1 | E73: 0 | F73: 0 | N73: =SUM(B73:M73) -> 5
A74: PLANTILLA | B74: =A75+B72-B73 -> 21 | C74: =B74+C72-C73 -> 19 | D74: =C74+D72-D73 -> 20 | E74: =D74+E72-E73 -> 21 | F74: =E74+F72-F73 -> 21 | N74: =A75+N72-N73 -> 21
A75: 21
A76: ROTACIÓN | B76: =B73*100/B74 -> 4.7619048 | C76: =C73*100/C74 -> 15.789474 | D76: =D73*100/D74 -> 5 | E76: =E73*100/E74 -> 0 | F76: =F73*100/F74 -> 0 | G76: =G73*100/G74 -> #DIV/0! | H76: =H73*100/H74 -> #DIV/0! | I76: =I73*100/I74 -> #DIV/0! | ... M76: =M73*100/M74 -> #DIV/0! | N76: 5.11 | O76: PROMEDIO MENSUAL
N77: =N73*100/N74 -> 23.809524 | O77: ROTACIÓN ANUAL
F80: SAN LUIS
B81: ENERO | C81: FEBRERO | D81: MARZO | E81: ABRIL | F81: MAYO | G81: JUNIO | H81: JULIO | I81: AGOSTO | J81: SEPT | K81: OCT | L81: NOV | M81: DIC | N81: TOTALES
A82: ALTAS | B82: 1 | C82: 0 | D82: 0 | E82: 1 | F82: 1 | N82: =SUM(B82:M82) -> 3
A83: BAJAS | B83: 0 | C83: 0 | D83: 1 | E83: 1 | F83: 0 | N83: =SUM(B83:M83) -> 2
A84: PLANTILLA | B84: =A85+B82-B83 -> 9 | C84: =B84+C82-C83 -> 9 | D84: =C84+D82-D83 -> 8 | E84: =D84+E82-E83 -> 8 | F84: =E84+F82-F83 -> 9 | N84: =A85+N82-N83 -> 9
A85: 8
A86: ROTACIÓN | B86: =B83*100/B84 -> 0 | C86: =C83*100/C84 -> 0 | D86: =D83*100/D84 -> 12.5 | E86: =E83*100/E84 -> 12.5 | F86: =F83*100/F84 -> 0 | G86: =G83*100/G84 -> #DIV/0! | H86: =H83*100/H84 -> #DIV/0! | I86: =I83*100/I84 -> #DIV/0! | ... M86: =M83*100/M84 -> #DIV/0! | N86: 5 | O86: PROMEDIO MENSUAL
N87: =N83*100/N84 -> 22.222222 | O87: ROTACIÓN ANUAL
F91: TENANGO
B92: ENERO | C92: FEBRERO | D92: MARZO | E92: ABRIL | F92: MAYO | G92: JUNIO | H92: JULIO | I92: AGOSTO | J92: SEPT | K92: OCT | L92: NOV | M92: DIC | N92: TOTALES
A93: ALTAS | B93: 1 | C93: 1 | D93: 0 | E93: 0 | F93: 0 | N93: =SUM(B93:M93) -> 2
A94: BAJAS | B94: 3 | C94: 0 | D94: 1 | E94: 1 | F94: 4 | N94: =SUM(B94:M94) -> 9
A95: PLANTILLA | B95: =A96+B93-B94 -> 10 | C95: =B95+C93-C94 -> 11 | D95: =C95+D93-D94 -> 10 | E95: =D95+E93-E94 -> 9 | F95: =E95+F93-F94 -> 5 | N95: =A96+N93-N94 -> 5
A96: 12
A97: ROTACIÓN | B97: =B94*100/B95 -> 30 | C97: =C94*100/C95 -> 0 | D97: =D94*100/D95 -> 10 | E97: =E94*100/E95 -> 11.111111 | F97: =F94*100/F95 -> 80 | G97: =G94*100/G95 -> #DIV/0! | H97: =H94*100/H95 -> #DIV/0! | I97: =I94*100/I95 -> #DIV/0! | ... M97: =M94*100/M95 -> #DIV/0! | N97: 26.22 | O97: PROMEDIO MENSUAL
N98: =N94*100/N95 -> 180 | O98: ROTACIÓN ANUAL
F101: TLAXCALA
B102: ENERO | C102: FEBRERO | D102: MARZO | E102: ABRIL | F102: MAYO | G102: JUNIO | H102: JULIO | I102: AGOSTO | J102: SEPT | K102: OCT | L102: NOV | M102: DIC | N102: TOTALES
A103: ALTAS | B103: 0 | C103: 0 | D103: 0 | E103: 1 | F103: 0 | N103: =SUM(B103:M103) -> 1
A104: BAJAS | B104: 0 | C104: 0 | D104: 0 | E104: 1 | F104: 0 | N104: =SUM(B104:M104) -> 1
A105: PLANTILLA | B105: =A106+B103-B104 -> 10 | C105: =B105+C103-C104 -> 10 | D105: =C105+D103-D104 -> 10 | E105: =D105+E103-E104 -> 10 | F105: =E105+F103-F104 -> 10 | N105: =A106+N103-N104 -> 10
A106: 10
A107: ROTACIÓN | B107: =B104*100/B105 -> 0 | C107: =C104*100/C105 -> 0 | D107: =D104*100/D105 -> 0 | E107: =E104*100/E105 -> 10 | F107: =F104*100/F105 -> 0 | G107: =G104*100/G105 -> #DIV/0! | H107: =H104*100/H105 -> #DIV/0! | I107: =I104*100/I105 -> #DIV/0! | ... M107: =M104*100/M105 -> #DIV/0! | N107: 2 | O107: PROMEDIO MENSUAL
N108: =N104*100/N105 -> 10 | O108: ROTACIÓN ANUAL
F112: TULA
B113: ENERO | C113: FEBRERO | D113: MARZO | E113: ABRIL | F113: MAYO | G113: JUNIO | H113: JULIO | I113: AGOSTO | J113: SEPT | K113: OCT | L113: NOV | M113: DIC | N113: TOTALES
A114: ALTAS | B114: 0 | C114: 0 | D114: 1 | E114: 0 | F114: 0 | N114: =SUM(B114:M114) -> 1
A115: BAJAS | B115: 0 | C115: 0 | D115: 0 | E115: 0 | F115: 0 | N115: =SUM(B115:M115) -> 0
A116: PLANTILLA | B116: =A117+B114-B115 -> 10 | C116: =B116+C114-C115 -> 10 | D116: =C116+D114-D115 -> 11 | E116: =D116+E114-E115 -> 11 | F116: =E116+F114-F115 -> 11 | N116: =A117+N114-N115 -> 11
A117: 10
A118: ROTACIÓN | B118: =B115*100/B116 -> 0 | C118: =C115*100/C116 -> 0 | D118: =D115*100/D116 -> 0 | E118: =E115*100/E116 -> 0 | F118: =F115*100/F116 -> 0 | G118: =G115*100/G116 -> #DIV/0! | H118: =H115*100/H116 -> #DIV/0! | I118: =I115*100/I116 -> #DIV/0! | ... M118: =M115*100/M116 -> #DIV/0! | N118: =B118 -> 0 | O118: PROMEDIO MENSUAL
N119: =N115*100/N116 -> 0 | O119: ROTACIÓN ANUAL
H127: ROTACIÓN MENSUAL SUCURSALES
H128: MES | I128: PLANTILLA | J128: BAJAS | K128: ROTACIÓN
B129: Bajas enero | D129: =SUM(B12+B21+B39+B47+B56+B65+B73+B83+B94+B104+B115) -> 16 | H129: ENERO | I129: =SUM(B13+B22+B31+B40+B48+B57+B66+B74+B84+B95+B105+B116) -> 123 | J129: =D129 -> 16 | K129: =J129*100/I129 -> 13.00813
...
